basics,stl,sorting,searching,graphs,trees,dynamic programming,number theory,dsa score
88,74,70,88,88,87,82,81,96
78,82,65,75,69,57,76,94,82
64,87,61,62,73,86,94,55,51
92,90,51,57,72,76,53,73,91
57,57,90,77,56,77,71,82,65
70,60,73,79,58,89,75,100,74
88,71,84,58,50,83,81,61,64
68,100,79,88,75,81,73,76,73
72,73,79,80,87,64,95,87,64
60,90,96,70,87,93,84,67,80
60,66,84,96,93,66,86,94,63
73,61,68,83,71,82,81,88,63
85,95,99,80,93,96,56,62,55
89,81,57,74,59,95,82,89,63
73,64,75,61,55,65,80,79,66
52,65,98,50,66,78,61,98,67
71,71,89,71,100,58,60,90,69
51,77,56,89,99,82,73,62,100
73,69,79,86,87,98,57,83,66
93,82,56,96,73,78,81,85,65
79,59,52,50,100,62,87,79,89
87,89,50,50,59,70,71,74,88
51,81,85,91,57,70,83,51,81
70,99,74,91,70,54,68,85,93
82,82,86,70,55,59,69,67,58
61,51,50,64,70,55,63,54,76
71,82,64,66,88,100,82,68,95
93,82,86,71,73,62,59,91,82
74,90,62,87,82,50,65,67,59
98,62,89,84,67,69,53,81,66
76,79,57,94,77,96,76,70,98
91,82,54,65,81,95,77,59,98
77,62,58,57,61,57,92,86,85
65,75,50,96,97,59,65,98,66
64,71,85,66,91,58,82,71,67
96,88,84,66,76,98,97,62,72
100,51,51,75,59,90,68,66,83
93,87,89,62,95,52,70,58,57
52,88,72,66,91,60,71,73,62
86,75,58,87,81,61,58,93,72
100,95,83,66,91,59,58,63,69
56,99,95,97,75,74,58,95,71
70,64,63,63,74,98,76,57,96
58,83,53,94,60,98,66,86,72
88,91,79,55,72,74,93,68,90
67,93,80,84,83,60,94,77,84
53,98,87,95,89,85,57,95,52
74,89,60,63,72,88,65,90,83
63,60,84,96,78,75,67,79,82
99,52,57,57,80,63,82,56,95
58,55,52,64,56,88,50,75,66
75,58,63,76,89,89,61,89,94
51,55,62,62,82,50,55,95,68
69,58,94,98,70,53,90,95,79
77,88,81,80,51,79,54,60,72
96,80,83,84,67,61,65,63,64
56,81,94,55,96,84,67,70,63
93,90,68,54,82,62,98,57,51
57,99,87,71,86,80,67,52,88
96,61,65,98,83,87,50,77,98
84,57,51,72,69,92,68,78,67
63,57,89,74,84,72,57,72,55
66,99,66,83,100,53,52,67,81
85,77,83,75,99,65,74,84,70
99,69,91,96,67,56,54,62,89
89,96,65,54,95,71,89,61,77
53,56,87,75,73,78,68,96,76
51,60,51,69,57,60,67,99,51
55,69,51,55,79,82,99,54,82
91,65,75,55,93,78,80,88,65
53,53,62,99,59,88,82,60,88
78,55,96,67,72,61,96,60,71
67,71,80,53,98,56,67,96,92
75,75,83,66,60,88,88,91,96
93,52,88,63,51,91,65,96,62
83,90,52,63,75,97,65,80,51
59,91,57,62,85,75,96,80,63
85,63,72,56,82,89,87,62,87
63,60,63,93,96,58,90,63,90
80,67,76,64,62,90,56,98,77
97,61,78,68,89,83,63,94,56
64,72,88,92,74,94,92,91,67
57,61,88,96,53,62,97,74,90
63,62,50,93,91,85,74,82,85
72,74,66,84,68,74,81,82,90
89,94,90,66,67,73,87,64,85
70,100,79,84,86,93,71,65,93
65,68,62,68,79,66,65,93,53
94,95,70,69,68,51,78,87,79
67,85,68,85,72,62,65,55,73
96,94,68,84,65,80,61,93,69
73,57,74,81,50,78,66,74,95
75,78,71,97,61,99,86,64,80
74,81,80,93,73,77,76,53,73
94,100,66,89,83,76,74,53,56
90,93,72,73,57,64,62,79,75
78,67,81,66,67,80,57,83,62
64,55,59,56,97,89,54,76,57
94,67,59,92,54,64,61,80,54
50,68,85,99,75,82,90,81,93
74,71,57,50,79,69,52,93,62
56,86,69,84,62,91,84,88,78
58,81,81,81,68,61,82,58,69
73,90,99,85,78,86,71,90,63
50,52,63,62,52,58,99,57,81
93,77,99,55,75,72,93,63,99
57,59,77,63,89,57,58,82,76
73,100,95,86,61,81,90,72,74
60,84,73,97,51,97,67,70,53
100,78,64,64,60,63,99,61,70
66,64,71,96,93,76,78,51,67
57,82,79,53,77,74,88,62,88
84,56,53,89,67,62,76,53,64
84,61,62,65,62,70,85,69,87
82,98,72,77,86,94,94,99,97
54,79,57,65,71,80,66,100,73
91,70,67,53,61,86,83,97,57
88,80,61,94,51,97,95,63,77
90,73,80,75,86,92,52,79,70
77,69,63,77,56,54,54,78,65
56,86,83,81,75,62,63,57,65
58,53,67,94,75,77,52,61,84
57,77,83,51,73,92,72,90,66
61,93,60,80,61,74,88,87,58
83,69,90,52,65,100,79,75,84
82,73,61,57,72,84,99,99,78
97,99,98,73,89,96,94,51,88
72,98,64,64,58,88,72,89,67
73,100,80,92,81,56,76,63,61
86,81,98,80,64,87,59,55,68
84,90,78,58,86,81,74,91,97
93,85,75,88,62,52,62,89,71
89,83,67,94,54,94,65,80,98
71,85,81,51,60,88,90,66,64
76,51,71,57,59,86,83,74,50
84,64,87,56,62,99,86,81,51
50,83,66,93,90,71,71,61,57
84,85,72,100,95,57,66,98,71
86,55,73,88,99,66,72,62,74
96,88,99,91,64,76,85,68,51
63,91,57,65,91,82,98,93,100
52,100,90,84,56,95,58,97,58
50,100,55,79,89,66,51,74,58
54,61,54,59,77,91,81,80,62
75,52,93,87,81,61,99,86,55
63,94,78,67,84,97,71,74,79
88,67,77,99,64,95,92,65,64
76,89,60,54,97,76,62,87,100
58,70,50,78,85,97,57,92,64
64,64,92,88,70,57,50,98,99
64,82,68,83,55,72,66,72,56
75,84,58,92,50,91,61,63,60
91,75,76,94,53,98,53,55,89
62,57,83,72,60,78,62,74,87
100,85,93,54,93,99,80,72,89
81,97,53,79,75,69,90,92,51
88,79,85,55,86,65,56,61,100
98,72,67,95,72,66,72,62,97
81,91,64,93,78,65,73,85,88
53,93,100,53,70,68,54,88,59
79,63,62,78,97,57,54,83,93
86,63,68,72,94,87,66,55,66
72,51,98,55,94,87,79,87,56
88,86,55,81,98,78,58,99,89
94,54,97,91,76,90,55,89,88
64,87,61,67,88,85,74,57,53
92,94,100,64,89,75,68,57,84
78,90,86,89,62,80,65,89,100
85,96,66,81,72,93,70,82,96
62,63,72,58,65,61,51,83,85
81,88,75,86,79,66,59,93,80
56,74,78,59,53,64,65,64,74
100,69,82,69,89,58,86,85,90
71,51,76,55,65,88,64,84,62
77,88,74,97,80,91,62,95,67
51,55,59,52,91,97,62,71,70
91,66,96,91,74,61,81,72,97
94,74,72,60,93,81,94,89,50
55,77,70,92,61,74,96,94,85
77,51,70,66,75,88,95,100,99
77,84,92,81,86,67,57,71,57
93,86,62,53,97,64,92,54,97
93,54,86,53,82,81,67,80,70
69,50,82,66,77,55,85,62,92
79,89,73,90,58,93,75,77,70
60,61,93,68,61,92,59,69,76
77,85,60,54,54,84,80,82,68
74,94,66,81,77,83,82,65,72
88,72,53,71,84,87,78,78,100
82,96,96,55,54,54,54,72,99
50,80,74,84,83,67,62,73,100
76,60,79,71,95,65,50,83,92
62,59,58,50,83,57,72,56,84
90,52,70,69,62,74,89,87,89
52,63,69,71,88,81,52,86,100
88,65,68,97,91,75,52,53,91
55,59,68,60,94,71,56,83,97
57,78,61,62,97,80,85,91,54
76,59,86,91,63,92,84,71,90
58,61,91,52,60,59,64,54,57
86,79,66,58,91,61,89,99,60
82,90,86,61,87,77,52,91,65
100,50,97,72,53,55,78,72,88
91,54,88,63,82,69,79,64,96
93,69,77,82,56,54,88,80,73
73,57,90,67,90,72,67,58,70
64,92,84,98,57,58,60,92,72
81,61,96,90,86,78,92,74,98
81,50,97,58,100,65,98,74,87
73,69,67,72,59,95,87,98,96
90,77,63,59,92,71,89,70,57
98,92,84,68,64,57,50,58,56
98,86,93,96,87,69,78,97,51
61,96,90,54,64,100,59,87,79
88,86,56,96,54,63,77,71,62
51,61,90,72,78,88,80,92,72
52,86,62,79,68,86,68,72,78
98,98,67,74,100,99,52,98,87
86,98,86,77,59,83,85,53,86
98,93,62,83,61,60,92,78,69
66,77,85,94,53,89,64,64,82
98,96,80,97,80,82,82,50,78
51,64,51,96,67,80,90,79,99
51,55,65,74,65,93,92,78,64
77,93,58,59,89,83,100,69,72
72,69,58,63,85,99,94,82,91
86,99,87,91,74,56,75,90,52
81,63,60,95,72,98,65,93,86
82,51,71,79,61,72,85,85,78
50,58,82,90,83,95,82,71,94
68,86,85,74,85,56,69,62,57
51,69,94,63,86,74,62,56,71
93,75,72,84,52,52,82,57,78
75,78,94,97,58,87,54,77,51
81,50,94,83,67,69,86,94,90
55,84,83,59,92,83,63,92,98
81,55,58,84,84,98,76,58,99
53,86,73,60,83,93,72,74,94
60,54,57,60,90,93,63,65,50
66,82,56,70,63,79,89,59,93
87,98,85,70,53,66,53,60,69
73,100,67,71,78,59,88,80,70
54,63,52,94,90,84,68,61,86
83,61,77,56,94,69,96,80,57
55,91,55,66,99,67,53,63,76
71,69,93,51,64,94,79,100,96
60,99,93,61,77,93,68,93,84
97,73,70,91,91,76,80,81,55
65,92,77,67,65,98,80,99,94
82,83,89,60,61,85,58,66,93
58,74,50,65,54,72,62,84,68
55,99,85,98,83,81,63,50,67
65,78,70,100,91,59,95,78,50
78,88,92,67,50,60,59,100,74
52,80,84,84,88,87,97,53,76
69,96,62,75,81,55,80,72,56
85,92,98,65,75,90,86,77,93
68,99,59,55,66,96,72,65,91
75,72,93,93,97,83,76,61,78
52,93,96,92,76,85,55,70,80
68,87,59,96,73,86,75,94,93
69,69,95,96,84,66,51,66,92
81,72,62,97,95,89,94,89,85
56,94,86,91,91,89,62,62,68
90,65,87,61,88,61,100,81,55
82,99,73,62,75,70,99,86,74
89,91,51,53,98,89,68,99,80
88,57,71,88,87,68,50,64,58
67,99,66,51,72,52,89,61,69
89,70,85,75,71,67,81,98,59
50,50,63,76,53,100,71,64,86
60,57,59,76,98,68,97,83,76
77,78,84,64,58,96,78,55,62
74,81,74,57,53,55,51,66,90
99,87,52,56,56,65,89,97,51
72,54,96,96,72,57,87,98,99
80,96,87,95,51,97,97,69,70
79,71,66,89,98,67,60,58,82
91,96,61,61,73,97,66,54,73
84,83,73,62,89,92,100,72,93
56,50,78,92,80,88,92,82,91
65,75,92,66,96,98,57,87,83
75,92,74,66,80,98,71,63,58
97,59,85,85,96,61,53,66,51
98,79,75,70,89,94,60,68,79
51,99,87,57,97,59,57,82,71
50,67,50,54,100,56,58,50,95
97,66,69,75,92,95,75,62,60
61,75,77,65,83,50,51,95,92
54,57,65,85,73,98,65,76,66
86,96,96,77,98,85,80,55,85
81,89,66,78,75,70,55,55,62
58,98,89,96,65,86,70,82,56
90,61,77,61,96,73,75,79,65
84,76,61,86,62,74,68,95,82
68,57,76,79,64,56,77,84,94
97,74,91,72,76,91,57,72,50
65,95,96,65,53,66,63,59,60
52,53,79,63,65,78,73,100,55
69,82,90,59,79,79,97,68,69
73,50,83,56,93,56,93,100,84
82,68,86,94,79,82,86,77,93
73,80,55,86,85,56,75,72,86
60,65,56,78,52,73,80,53,90
98,63,81,52,71,60,100,69,75
57,97,81,64,98,58,81,68,61
85,54,74,85,71,61,99,91,79
87,90,82,96,99,84,90,76,77
89,75,56,95,99,53,51,83,76
69,77,61,68,98,85,74,53,91
84,51,65,62,61,77,93,87,68
97,99,65,91,70,62,51,56,54
74,55,92,70,53,72,91,97,54
84,58,85,86,80,68,50,56,90
74,82,62,76,93,91,85,99,76
78,90,56,78,80,86,61,75,77
67,74,85,69,72,88,58,75,75
95,97,96,74,69,73,85,68,76
67,62,100,55,64,65,90,58,98
51,58,58,85,72,82,77,69,91
84,62,81,51,77,61,87,91,70
65,80,60,71,65,83,82,94,50
90,90,57,81,86,56,91,99,77
85,60,82,65,70,60,95,65,97
82,53,72,67,64,80,71,66,64
53,83,74,54,66,78,74,71,66
82,87,57,85,99,62,67,62,75
63,95,94,79,86,80,55,61,69
70,53,71,94,62,51,67,59,74
97,87,53,68,68,88,65,50,62
69,68,89,72,79,64,64,81,82
57,55,52,83,94,60,97,79,74
56,83,78,62,67,83,57,57,57
52,67,90,92,63,88,62,70,54
66,62,78,78,85,53,92,71,55
82,90,83,85,85,60,56,67,72
97,72,83,71,69,78,66,51,79
61,68,77,96,68,51,99,97,63
100,94,62,85,94,65,81,93,72
71,60,64,58,93,88,71,58,60
71,50,72,88,56,62,100,52,80
95,73,93,100,93,86,62,75,55
79,56,75,68,53,66,96,70,60
87,74,53,87,83,70,72,79,62
87,70,75,55,51,93,78,77,61
94,64,89,96,54,68,71,85,51
100,50,58,64,59,56,50,75,84
57,61,54,69,81,87,78,83,85
76,56,81,58,91,57,97,57,66
76,64,69,81,90,62,54,59,77
83,70,99,53,62,86,84,97,77
70,68,60,99,88,51,59,92,71
79,78,64,67,54,90,68,99,87
82,74,81,54,59,60,86,63,56
77,82,77,69,59,73,56,89,64
96,98,71,72,87,55,95,64,81
82,81,90,60,76,75,84,66,60
54,98,66,86,100,56,94,67,73
97,84,75,71,70,88,62,81,52
68,93,93,53,57,68,59,87,79
53,87,56,78,50,55,51,72,55
84,75,91,93,77,92,55,95,51
98,60,75,83,98,78,57,72,63
66,84,74,62,88,92,85,84,90
93,57,59,91,63,88,74,88,67
77,95,94,58,70,51,93,64,100
79,63,68,91,79,68,96,73,93
78,59,60,80,70,53,89,77,80
95,51,62,56,98,55,56,65,62
55,95,57,53,58,98,95,65,75
84,58,89,68,66,86,72,89,93
90,52,53,91,54,77,68,88,61
86,70,96,79,80,79,95,55,67
73,75,80,80,89,56,71,51,58
78,57,77,84,87,58,62,62,98
98,97,60,70,92,74,70,93,70
95,51,92,80,68,82,50,96,97
80,55,50,68,85,50,68,58,98
84,77,98,80,99,100,82,83,89
82,78,96,81,82,55,53,66,92
70,75,87,51,62,67,91,76,73
81,74,73,59,63,59,52,78,83
72,61,96,51,82,77,76,86,57
82,54,80,51,78,60,90,92,93
52,83,90,73,92,82,84,71,82
67,97,95,66,98,50,77,100,72
74,86,99,81,85,62,55,73,62
91,64,75,65,93,86,55,56,98
80,93,98,65,59,69,93,83,63
52,85,99,95,80,50,72,97,63
89,64,54,88,55,52,82,61,65
95,92,69,80,50,67,65,72,98
73,97,90,92,56,90,73,64,87
99,72,60,73,76,63,54,82,88
81,55,82,50,70,80,90,62,75
96,95,99,60,77,76,91,72,75
71,99,87,70,65,66,62,87,50
72,93,76,53,95,95,96,81,81
51,92,83,56,72,78,61,94,64
76,94,64,75,69,85,54,99,70
91,70,81,96,87,86,86,84,67
51,72,70,99,74,75,80,50,79
75,92,95,61,77,66,77,96,62
66,65,54,80,54,71,77,94,73
89,96,55,66,70,74,79,54,79
82,64,87,82,67,51,67,62,51
58,74,71,60,96,71,93,54,68
92,85,67,77,55,54,76,81,96
97,60,63,81,78,53,84,100,93
88,100,59,50,68,85,75,70,96
78,64,95,96,82,55,88,73,74
91,53,62,77,50,70,98,67,99
75,70,80,91,94,62,100,70,63
84,62,79,56,52,86,67,59,55
99,71,52,51,91,74,82,73,61
74,68,79,91,70,75,74,89,69
73,83,55,73,84,88,80,96,72
62,63,78,53,90,69,86,70,79
56,53,57,93,89,82,51,74,79
85,97,93,68,52,63,82,72,87
94,95,94,75,74,85,88,71,79
69,76,92,60,94,66,92,53,90
50,78,93,89,87,70,92,83,79
57,96,82,99,94,95,81,55,85
95,77,66,92,69,65,67,77,98
65,84,97,60,93,95,66,80,83
63,57,60,94,94,65,83,84,65
61,65,62,52,83,69,88,88,73
100,91,99,61,70,78,56,91,63
72,85,60,52,97,77,91,72,75
64,79,80,91,72,57,84,55,57
77,67,77,76,55,73,79,65,63
83,51,93,98,100,52,61,51,80
51,98,55,51,62,74,84,73,51
81,62,90,98,98,68,60,66,97
72,53,65,65,72,82,93,94,53
71,75,53,51,58,51,53,50,50
100,74,84,79,66,64,74,55,69
74,79,97,69,51,71,97,54,63
71,60,75,87,68,59,81,94,89
71,56,61,77,68,67,69,99,74
98,80,60,74,56,71,99,78,74
91,93,86,81,91,95,80,61,52
55,59,74,59,91,98,53,88,54
64,88,67,91,69,76,87,96,87
92,62,68,89,58,62,96,52,75
86,80,72,82,66,82,50,97,89
82,56,87,62,76,54,52,50,87
57,98,67,90,96,75,86,76,87
93,91,75,91,51,62,71,97,53
93,91,55,96,85,76,66,73,56
54,85,53,86,68,63,63,93,79
88,69,93,65,66,73,90,68,79
53,53,100,94,54,52,84,57,68
55,56,78,71,88,96,62,93,88
94,50,83,69,67,100,84,96,84
81,93,66,99,56,98,92,51,89
79,94,92,92,66,79,51,79,82
96,91,92,76,88,84,96,79,82
84,96,65,90,85,97,62,98,63
89,62,51,65,89,63,100,88,87
65,71,83,83,94,61,65,94,59
62,70,57,81,53,77,67,81,77
99,71,62,75,87,93,56,50,63
91,77,91,74,74,78,94,87,85
79,58,57,51,54,92,85,62,87
68,75,79,61,79,66,90,60,65
66,58,81,89,61,89,79,59,70
68,64,85,58,53,98,91,97,77
77,59,96,61,73,70,90,75,82
75,73,79,75,78,72,56,69,55
86,91,50,58,58,69,64,66,90
75,57,92,59,53,60,89,66,64
72,73,88,81,100,83,68,53,93
58,65,66,83,73,59,92,54,52
61,98,69,97,63,59,86,72,92
50,75,73,69,54,92,51,95,96
50,76,99,88,67,55,91,59,84
96,86,71,51,91,85,97,95,63
83,53,78,50,68,73,62,77,51
81,99,71,100,61,61,89,82,78
97,73,93,85,67,92,90,92,53
74,68,58,73,66,72,92,75,75
89,85,86,76,79,76,92,99,100
94,88,59,51,73,94,80,97,61
50,59,85,80,60,86,65,78,51
65,74,86,63,84,55,91,76,66
88,67,77,51,72,50,93,67,84
54,68,77,78,66,55,55,89,59
71,85,91,64,50,99,77,59,97
78,59,92,61,64,71,81,91,71
52,82,70,86,81,90,93,54,90
61,99,73,77,58,73,59,59,92
75,54,91,69,64,74,99,99,70
65,96,89,88,77,64,67,70,64
100,98,51,73,73,75,53,73,84
86,84,57,70,84,57,58,87,97
71,93,97,59,71,100,56,52,70
78,83,76,95,76,73,99,89,70
63,82,71,63,68,97,57,80,70
77,70,86,86,94,87,92,90,93
54,66,76,67,61,55,56,86,81
96,71,78,73,69,84,90,51,54
98,97,52,63,50,91,89,51,88
79,86,93,83,70,50,52,88,58
95,64,62,61,98,95,66,98,67
54,84,94,71,94,85,51,91,70
61,77,59,55,50,61,64,93,57
65,56,85,85,59,87,95,83,93
75,81,58,94,96,60,78,91,83
75,60,76,85,81,61,99,69,59
97,59,83,71,88,91,97,82,100
70,58,100,63,71,99,71,53,90
88,63,50,65,67,88,53,94,73
85,62,81,85,97,56,55,93,89
82,74,74,74,95,60,87,60,73
79,51,78,81,81,85,75,91,81
86,84,56,82,76,80,60,96,82
72,56,98,94,77,82,75,54,87
59,70,52,85,67,62,66,74,93
54,67,69,69,88,67,73,98,100
85,52,69,67,98,90,77,86,98
83,91,79,87,78,73,84,83,83
80,88,84,52,67,58,80,58,60
59,90,84,72,93,80,62,55,80
68,98,98,81,57,90,84,67,67
81,60,88,94,80,59,65,63,72
50,88,76,65,83,51,64,68,71
54,73,75,54,56,87,92,63,92
94,95,63,53,85,64,67,89,67
53,68,66,70,67,52,96,66,89
65,53,67,89,87,92,86,84,96
73,75,94,100,58,80,97,78,90
65,87,78,63,58,55,97,91,96
51,91,69,88,95,52,98,66,88
98,81,76,80,57,60,90,92,69
77,88,67,63,100,64,76,57,62
81,94,53,55,84,94,84,50,94
76,95,50,61,67,77,94,94,50
69,85,99,65,54,59,84,85,53
73,89,50,66,63,87,77,56,73
61,86,75,94,77,96,88,95,85
99,82,94,72,79,99,87,54,85
84,85,69,63,53,99,58,73,94
82,52,72,56,88,56,61,77,51
82,58,59,95,69,64,64,92,77
100,57,60,81,74,67,70,66,75
92,82,90,64,77,67,84,86,72
86,55,90,93,61,90,91,69,64
61,90,54,66,51,73,82,52,85
52,88,50,90,92,51,100,86,76
50,53,66,96,63,89,68,75,55
82,62,71,93,71,69,72,64,84
89,98,83,83,80,83,62,100,88
59,51,94,54,72,92,93,97,87
92,54,90,94,97,75,50,57,84
93,93,78,76,69,56,100,62,85
78,76,53,72,87,87,78,97,59
62,81,54,89,53,79,73,52,79
61,70,60,63,64,91,65,50,90
80,57,100,64,73,54,74,58,87
95,87,70,92,74,60,72,80,78
51,57,84,82,50,50,77,90,92
100,99,61,80,56,83,96,75,88
99,52,75,84,80,50,65,66,99
84,93,100,66,61,68,92,83,53
72,52,68,77,91,51,87,58,54
66,71,94,68,54,70,60,100,53
75,55,56,95,93,69,52,62,85
57,51,96,72,99,72,64,54,94
78,72,56,81,91,70,50,90,65
75,93,75,89,87,73,56,62,74
59,51,89,62,61,53,50,50,63
75,87,54,69,88,61,98,74,60
83,66,70,84,67,71,81,96,78
100,84,63,54,51,69,58,53,83
90,83,53,58,59,67,78,85,71
56,72,72,78,64,50,75,59,63
53,79,91,55,79,79,72,77,73
99,57,69,74,93,82,94,55,88
94,71,64,80,66,73,92,76,75
60,93,99,71,53,63,78,61,92
78,85,94,51,56,85,87,97,85
85,54,78,94,90,54,82,52,88
74,62,57,54,80,60,56,95,65
70,78,90,76,100,73,61,82,87
85,80,97,74,88,80,80,59,81
59,96,68,57,83,62,81,80,55
86,65,97,50,55,65,69,64,83
58,91,88,69,99,73,100,56,57
73,79,95,93,87,62,66,85,79
84,65,77,72,94,73,85,63,76
98,61,95,81,100,75,52,97,56
84,66,76,60,83,51,50,63,76
97,65,53,88,93,65,99,52,74
85,61,64,96,64,87,76,98,95
67,57,84,73,63,95,96,95,90
98,69,86,60,55,50,89,99,64
88,52,50,78,99,98,82,52,74
81,65,52,75,86,60,69,71,71
73,79,96,65,99,100,63,68,67
72,94,73,84,81,84,85,84,61
81,72,76,69,52,92,54,61,72
86,77,89,95,52,78,72,54,100
61,100,85,52,71,86,94,59,94
98,89,83,50,71,66,64,90,88
62,54,78,96,59,88,55,82,74
72,69,73,50,100,91,82,62,59
74,89,73,66,52,77,68,84,79
84,93,91,51,61,78,62,100,59
90,50,53,78,78,92,78,81,83
79,79,52,69,97,52,55,60,95
66,70,83,55,66,59,64,97,62
98,69,98,57,56,91,65,87,78
69,55,72,78,62,63,73,73,87
97,71,72,97,51,61,72,84,90
74,67,94,100,53,96,97,68,94
71,57,54,82,59,91,59,55,58
62,88,80,52,88,79,90,89,62
68,81,90,84,73,81,90,94,86
98,82,55,54,66,81,98,93,63
85,65,86,76,55,91,66,91,86
61,61,59,93,68,81,98,84,58
90,87,89,61,54,75,93,53,57
68,83,56,69,81,100,94,82,88
61,63,88,94,59,50,79,62,89
58,85,87,69,58,91,93,85,52
56,82,70,58,76,51,95,92,96
77,72,69,88,62,66,59,68,89
63,99,52,53,68,79,68,92,82
80,94,100,100,70,88,78,61,81
68,51,71,68,73,56,51,60,56
96,90,96,87,87,76,85,55,68
65,70,53,76,53,58,68,61,83
54,51,77,94,73,71,56,76,63
84,76,61,92,84,83,75,90,99
61,58,87,62,52,95,64,74,96
74,50,100,62,53,98,96,91,95
70,60,85,71,86,50,87,52,68
85,52,96,77,89,58,52,52,100
72,72,90,96,97,69,87,69,75
65,75,54,94,84,68,65,77,66
88,53,62,71,80,85,51,72,77
94,67,72,92,93,89,80,97,68
91,55,99,68,74,94,77,52,76
88,84,79,57,89,53,56,91,97
63,71,86,57,62,58,79,73,68
80,92,74,91,53,90,92,92,82
54,64,97,75,95,71,56,89,100
84,71,76,97,63,67,85,55,56
72,86,100,100,62,61,78,69,78
78,91,63,75,76,91,73,60,92
92,61,97,72,55,92,88,81,54
60,96,96,92,66,88,53,76,79
67,98,85,62,85,58,78,70,98
96,91,88,77,89,55,93,93,92
61,87,65,58,98,68,54,97,57
58,67,71,69,84,97,78,99,91
59,94,70,68,66,96,79,62,61
93,84,70,97,90,56,78,71,91
66,79,57,88,51,65,75,84,62
87,73,98,100,62,54,68,96,75
56,91,65,61,51,65,75,71,67
95,79,80,64,77,50,86,77,91
62,63,91,80,92,100,76,70,100
89,55,59,63,75,86,79,95,98
91,52,81,60,71,88,100,67,69
58,65,83,75,96,68,79,80,65
99,56,58,91,92,86,52,95,86
76,63,66,76,52,66,92,86,52
51,58,60,60,84,75,56,70,76
54,64,81,87,61,71,98,63,64
78,70,59,83,73,57,58,74,83
86,84,71,92,54,82,90,76,94
87,51,66,68,69,51,91,89,71
68,76,53,55,88,79,62,72,89
57,51,97,95,88,96,64,80,72
97,84,96,87,62,69,54,96,98
94,67,74,98,90,67,78,78,53
50,63,70,91,94,92,84,96,100
71,69,86,77,61,59,76,79,90
66,67,87,50,62,73,76,100,72
56,59,98,84,59,53,57,75,96
74,74,50,89,82,86,81,69,58
94,51,74,57,89,53,69,87,73
53,74,100,96,65,62,59,68,70
85,82,85,56,94,74,62,76,90
55,85,66,60,84,62,78,74,95
80,80,90,88,52,67,84,89,65
68,63,73,53,54,73,57,87,74
93,50,51,74,75,51,78,72,75
88,95,89,61,60,97,80,78,98
76,65,64,75,56,82,90,64,94
59,95,81,87,59,68,79,52,58
75,52,88,95,91,58,71,59,64
68,84,55,61,83,77,70,64,88
88,90,50,92,52,84,61,65,82
52,55,96,100,57,88,60,66,50
94,74,72,86,80,59,51,68,54
62,62,88,95,60,50,99,60,58
99,83,66,73,94,91,90,97,93
77,57,83,65,56,70,51,54,55
69,70,90,62,94,58,83,54,77
77,83,78,74,51,96,52,63,94
57,53,58,53,55,64,65,99,75
90,74,62,60,90,84,100,75,77
88,64,55,81,81,54,53,57,89
50,53,55,98,69,90,72,54,64
52,94,69,56,83,71,99,56,55
62,61,52,95,99,90,69,65,76
77,81,66,60,65,72,74,63,87
98,81,98,77,74,56,79,86,53
74,77,61,90,61,72,67,90,60
82,62,97,72,56,93,91,53,70
87,80,96,94,88,74,60,85,79
55,63,94,72,66,76,78,97,67
93,69,50,99,94,90,66,66,84
94,67,66,77,60,55,75,96,52
81,78,52,92,55,83,72,85,61
94,55,75,96,72,58,97,55,76
96,81,64,75,76,98,69,65,79
70,78,85,74,95,82,94,78,70
65,92,81,78,55,100,51,85,87
70,51,81,68,87,55,73,87,70
60,72,53,82,51,86,80,86,87
86,68,67,85,71,80,76,97,89
85,80,98,63,69,83,51,97,64
84,100,68,63,74,90,63,59,67
68,54,92,84,64,78,53,90,78
69,68,84,79,98,63,98,85,97
67,83,89,77,78,85,62,78,87
96,59,63,66,57,85,85,63,70
90,74,82,52,86,64,84,53,66
98,51,63,65,98,57,93,93,90
63,60,83,95,82,75,57,91,100
64,99,53,79,71,85,51,85,67
80,80,73,78,99,97,55,99,86
50,64,78,94,96,70,80,94,87
52,58,68,64,54,77,59,62,61
65,72,55,95,88,53,93,95,60
72,68,82,74,67,65,70,67,97
60,58,98,100,87,71,91,82,98
61,84,89,87,86,61,59,70,69
59,70,68,91,79,65,72,65,58
81,58,50,96,100,100,52,64,50
65,77,54,87,80,89,81,54,52
57,95,76,72,59,87,69,55,70
87,100,65,74,64,91,59,87,72
61,56,55,91,91,86,78,52,58
73,65,89,56,97,78,90,97,68
77,65,62,71,93,67,100,61,94
57,82,97,66,67,59,95,85,95
77,53,84,67,72,91,83,82,68
85,53,68,98,82,88,86,85,72
75,88,61,90,65,67,69,82,76
57,89,65,59,87,50,57,80,76
99,66,92,59,84,88,56,70,88
77,86,59,56,83,70,55,76,85
77,88,74,97,77,50,60,76,61
86,78,69,99,51,64,93,57,76
90,85,80,87,79,53,67,86,95
85,87,53,76,62,69,100,81,83
76,88,93,82,90,59,91,75,82
66,99,72,50,65,72,78,51,77
58,86,51,93,54,90,74,61,80
82,84,71,83,77,83,70,71,81
69,56,100,53,88,95,95,66,99
62,76,86,66,94,97,52,56,69
77,77,57,53,69,82,67,92,89
97,71,56,92,73,83,73,53,84
78,63,63,75,76,88,96,86,80
62,56,52,53,79,59,87,87,80
95,86,99,50,94,69,59,81,87
84,71,65,56,76,50,76,60,71
55,54,68,79,75,62,61,50,94
67,51,100,99,56,50,56,74,90
100,76,67,58,91,54,66,91,58
54,70,65,84,96,65,50,73,58
96,87,57,57,87,64,99,92,64
74,64,82,73,54,98,75,66,62
51,70,98,68,72,77,64,57,71
59,59,61,85,77,80,100,94,65
79,72,60,99,83,72,82,76,81
99,88,54,92,64,97,86,67,51
94,54,76,76,81,94,96,76,75
54,50,61,81,75,92,80,71,63
82,62,66,63,97,66,84,65,87
50,70,55,67,80,98,50,51,83
67,75,82,77,68,83,57,54,57
81,99,54,78,58,62,61,67,85
96,94,77,65,78,63,68,52,70
98,70,63,84,100,60,74,76,95
60,67,54,96,88,77,81,66,92
70,86,82,80,53,91,61,65,77
75,94,99,53,52,81,62,55,95
74,81,97,86,78,84,77,100,93
71,85,90,66,60,80,50,56,97
76,66,68,88,82,66,100,99,55
98,84,71,97,87,96,55,63,69
62,98,54,95,60,58,57,87,80
82,60,51,75,76,59,53,89,82
83,70,79,97,82,57,54,64,93
90,75,96,88,70,70,74,96,56
84,53,88,90,88,62,71,96,57
50,83,53,53,80,99,77,97,58
70,97,82,79,87,54,88,82,51
97,67,62,79,95,55,72,92,66
55,89,69,71,51,79,53,76,94
77,84,56,60,76,80,53,78,86
66,90,64,51,85,66,96,86,91
54,78,72,93,60,60,70,54,93
80,78,63,61,96,69,86,78,66
54,87,72,79,67,97,90,81,87
87,91,68,85,50,58,51,55,84
52,70,78,67,84,51,56,51,96
72,91,69,75,84,86,98,55,88
86,62,78,56,80,50,65,95,79
86,98,73,50,77,53,66,92,55
59,90,67,75,88,85,69,53,53
59,66,59,72,50,74,72,78,100
68,58,90,75,74,52,83,74,86
66,90,57,94,92,58,60,58,84
70,50,75,55,87,71,83,52,58
63,51,78,55,69,72,82,75,55
58,97,59,93,52,61,75,97,62
95,78,66,57,100,59,51,92,71
50,82,51,73,51,83,72,76,77
100,59,55,71,67,92,90,85,79
94,99,54,68,93,59,71,81,85
62,89,77,86,59,79,83,50,51
53,70,90,67,54,71,64,65,85
50,77,54,80,58,55,59,100,57
98,60,67,86,51,99,64,97,94
89,83,75,79,83,51,91,60,91
81,57,69,91,87,79,78,75,99
83,71,90,82,80,51,72,89,58
77,57,98,59,59,81,66,50,50
80,98,76,86,99,91,58,75,62
57,64,98,61,61,65,99,77,99
88,66,61,79,85,61,85,58,64
75,72,56,76,70,50,58,93,81
83,73,52,88,98,57,65,71,83
52,94,59,58,96,97,85,57,92
99,68,83,70,55,99,97,98,80
61,54,74,61,97,62,100,91,63
50,81,84,78,98,64,82,76,96
93,93,65,82,52,93,80,88,63
54,50,51,92,59,57,55,68,97
79,72,73,64,54,59,59,74,78
79,86,59,51,95,95,65,87,96
66,57,87,88,75,54,53,70,68
97,62,71,93,70,99,71,73,76
96,57,75,67,94,68,62,73,58
72,72,92,52,75,96,65,68,86
64,92,88,56,87,87,78,99,86
86,50,76,92,93,60,55,96,92
70,94,78,67,75,92,75,51,77
63,100,96,93,57,69,60,63,73
51,73,87,87,54,69,73,81,77
60,84,69,86,64,70,78,91,85
100,73,76,82,65,67,52,81,67
88,66,90,93,50,99,59,77,74
87,54,69,80,65,59,50,97,84
83,69,93,60,86,83,92,88,53
87,70,68,53,52,75,75,89,63
99,89,69,67,96,79,61,91,88
83,80,84,53,80,58,63,96,75
67,95,96,98,62,95,74,89,57
79,85,51,83,65,100,57,62,73
64,60,79,78,92,80,92,61,65
76,64,83,73,70,91,53,57,69
100,68,71,71,51,53,77,64,64
83,56,52,51,76,55,56,75,56
87,100,55,93,87,63,59,61,66
82,77,64,55,75,53,100,92,71
73,100,76,91,87,75,85,100,71
64,92,59,74,95,96,51,95,61
79,54,58,70,74,97,75,76,67
91,54,82,65,60,88,99,67,95
100,79,81,80,57,66,63,94,96
66,81,97,63,57,68,65,85,64
54,57,55,88,82,100,92,98,86
78,59,90,77,56,98,91,100,65
53,87,85,81,87,55,66,76,54
59,96,51,77,70,78,95,58,51
66,81,78,100,57,60,71,88,77
59,97,53,98,100,65,53,50,90
66,77,50,58,70,79,68,56,76
69,66,68,94,69,74,51,75,80
73,80,75,71,57,89,88,56,90
54,57,74,81,95,60,58,56,85
83,89,59,54,80,56,68,57,96
55,74,64,72,99,75,65,65,92
51,58,71,54,78,71,74,52,50
62,51,100,91,97,74,97,94,99
92,64,97,81,58,68,67,59,78
92,99,70,59,64,80,72,99,50
97,52,71,88,79,75,70,56,57
60,98,85,64,75,91,60,70,65
100,85,83,56,59,90,88,86,77
96,53,79,78,78,85,90,80,71
72,63,74,96,65,72,53,72,67
65,90,94,52,85,96,74,76,71
80,90,77,68,69,62,81,71,90
60,74,50,59,94,74,79,88,61
65,99,98,77,86,51,94,76,68
57,59,94,78,71,51,75,98,74
53,70,53,64,56,65,85,53,99
89,85,56,84,72,58,100,73,54
53,61,98,55,90,77,83,72,83
74,76,58,61,89,62,58,97,88
52,89,85,96,78,84,61,68,59
81,51,68,87,65,90,51,91,96
52,62,50,62,87,62,87,52,56
76,81,59,78,77,80,54,76,86
78,80,85,68,97,70,54,52,96
81,65,58,52,87,81,71,77,64
99,81,94,57,80,83,54,66,91
100,81,95,57,63,57,53,80,73
68,83,91,69,82,90,58,59,75
70,60,81,96,58,97,78,98,75
54,59,81,53,76,51,71,71,95
67,64,55,100,73,87,76,79,75
77,66,97,70,62,81,59,98,59
91,89,87,52,75,89,65,70,66
71,67,66,94,78,77,91,85,63
70,58,59,57,100,86,91,72,51
55,74,99,72,98,90,100,87,97
50,89,76,65,92,50,59,61,62
54,63,99,62,77,90,55,74,76
90,74,84,52,77,59,98,69,58
61,99,70,97,57,53,54,98,56
75,71,74,58,72,84,55,98,97
95,79,77,63,78,59,96,91,59
83,69,96,62,54,96,74,56,58
98,70,64,56,91,60,100,78,71
63,93,53,64,56,63,99,97,72
75,81,78,56,91,87,53,78,56
94,100,58,87,85,61,89,62,97
76,95,76,83,90,94,97,52,58
58,98,75,90,76,66,81,51,76
75,70,68,71,95,65,100,65,73
96,84,77,73,51,84,84,79,78
71,81,66,98,74,51,59,87,66
96,79,92,86,58,60,83,55,69
79,88,90,93,76,90,85,94,56
92,98,91,50,50,52,55,56,92
97,61,99,59,72,78,92,54,89
66,90,69,92,59,67,95,56,56
75,96,94,65,91,69,65,83,77
85,67,89,95,74,96,68,81,68
50,70,88,57,52,63,83,98,69
57,62,98,98,55,83,74,62,93
98,70,72,74,55,98,80,79,88
84,57,96,99,51,80,98,74,89
64,95,81,61,67,89,90,70,56
96,89,96,74,72,91,66,70,55
71,95,82,66,51,67,96,77,74
63,56,95,75,61,79,79,97,90
75,72,54,95,71,74,88,69,62
77,93,92,97,86,68,80,83,88
72,81,97,63,69,57,68,54,89
63,60,83,90,88,77,84,67,71
73,71,89,85,73,57,78,88,98
51,71,60,72,97,80,50,92,66
94,92,99,92,69,52,53,60,97
75,74,52,55,50,52,77,66,71
63,71,82,96,50,93,67,97,83
100,77,60,54,66,71,75,94,57
56,78,65,92,50,66,89,71,98
52,62,67,74,94,85,68,86,94
96,67,79,67,79,66,55,69,67
72,51,97,62,90,63,50,97,73
95,78,59,92,96,100,57,97,91
92,70,67,63,52,58,82,97,51
96,64,87,77,95,79,100,95,51
94,76,68,67,60,70,92,55,76
67,99,85,77,73,61,70,83,63
87,80,62,100,71,86,73,63,97
84,64,95,76,93,81,74,97,88
100,100,52,81,94,60,96,72,61
64,72,59,96,75,69,92,69,81
74,73,87,58,62,84,68,62,77
86,93,50,89,50,96,78,96,77
77,62,76,81,73,95,59,93,95
59,71,95,69,59,60,61,90,74
88,92,57,77,84,57,82,81,53
66,86,100,82,73,53,56,75,75
88,82,95,53,77,76,66,99,85
71,52,91,95,85,93,59,63,99
75,68,66,83,65,89,80,85,52
93,72,58,97,89,87,55,57,50
74,78,55,52,65,96,66,89,66
66,79,92,75,66,79,99,71,56
62,88,74,57,100,93,86,71,97
69,93,88,55,64,97,67,65,54
74,96,98,65,65,97,75,76,68
53,74,77,73,64,76,98,59,88
59,86,82,97,83,70,65,74,95
52,96,86,88,60,69,57,80,83
90,57,58,79,50,53,73,70,84
94,91,67,94,64,60,62,76,98
67,65,70,62,75,62,78,66,65
96,57,51,54,100,58,81,82,89
85,50,92,74,53,53,73,80,99
96,93,87,69,92,61,65,99,96
71,54,89,67,54,58,60,91,88
83,52,85,96,84,62,81,75,76
96,50,99,67,62,97,55,70,90
57,53,92,51,59,75,84,85,87
89,89,86,59,60,87,82,50,99
98,84,64,94,67,91,67,53,99
93,81,77,99,83,62,86,53,74
68,91,67,96,88,88,62,75,75
91,83,83,61,90,77,59,53,63
90,92,71,96,91,68,86,98,63
86,74,60,62,99,73,75,58,63
55,59,62,99,72,68,95,79,74
75,70,53,96,56,98,66,100,85
83,95,71,60,88,62,50,94,53
94,88,56,68,52,62,74,53,96
55,76,92,84,61,77,83,54,64
86,76,73,88,56,51,88,94,81
82,51,53,75,98,59,59,72,67
71,90,77,95,75,71,69,65,63
70,97,64,63,82,62,56,71,50
55,62,50,94,86,58,65,86,91
55,58,52,93,97,82,86,57,69
97,85,63,73,64,63,78,97,59
53,71,87,90,51,97,61,82,59
79,91,99,50,90,69,66,87,73
60,75,50,100,56,64,97,92,83
79,61,87,92,81,81,69,65,77
80,66,87,71,53,82,75,54,76
73,63,70,72,69,66,97,65,89
58,63,97,68,99,73,68,56,50
52,83,78,67,85,79,96,100,82
100,69,54,61,81,62,61,50,53
80,60,98,77,77,96,70,58,56
89,65,59,77,62,97,91,67,58
86,100,77,82,50,65,83,94,65
85,80,70,68,84,51,56,96,54
73,55,99,77,97,66,94,52,83
80,68,56,98,79,81,84,73,72
55,86,52,86,85,92,64,77,92
51,53,94,75,74,57,50,59,99
69,96,96,84,65,52,75,58,74
77,53,69,83,68,61,84,62,100
60,69,68,84,50,69,74,97,62
53,59,84,89,54,65,91,84,73
64,73,53,65,100,63,64,72,60
55,84,54,87,71,65,71,96,100
98,75,50,62,73,98,55,66,66
79,86,53,72,92,92,64,95,86
87,87,61,71,94,98,73,56,62
100,70,76,65,86,100,70,65,76
51,89,91,77,85,82,56,89,69
64,88,72,97,85,79,78,85,82
60,70,74,84,53,61,81,69,91
57,59,70,94,85,64,81,73,81
75,87,73,95,67,67,54,96,57
100,95,74,57,99,77,53,54,78
94,53,94,93,65,72,71,94,89
93,94,95,71,90,63,67,55,68
54,69,81,70,67,79,84,77,55
55,66,81,75,71,82,66,54,93
75,56,54,89,51,94,99,98,88
53,53,85,70,70,64,99,88,97
68,78,95,74,85,56,73,87,90
69,63,91,90,93,64,51,51,70
82,52,98,50,88,91,62,92,71
69,73,91,55,96,95,64,88,91
98,86,88,72,88,87,54,70,59
61,65,65,100,78,95,52,89,59
96,53,82,72,75,93,86,86,78
50,73,98,92,70,60,86,67,65
75,83,70,92,66,78,86,97,50
63,79,58,72,65,80,52,95,66
87,67,55,81,80,74,84,61,79
86,68,100,79,100,73,72,66,75
60,80,94,62,58,68,77,86,95
85,68,84,92,80,51,79,95,68
62,98,88,67,63,71,67,87,70
92,95,71,72,98,69,85,64,66
52,68,90,64,86,82,82,56,95
82,71,54,82,51,57,75,63,89
55,73,91,70,97,74,97,99,70
99,94,72,88,95,95,89,50,90
59,61,66,72,63,58,66,87,89
54,79,61,76,82,83,89,52,94
72,87,72,94,84,72,56,86,98
59,80,65,93,88,54,57,93,68
93,85,52,67,96,74,80,80,56
51,68,79,73,100,57,61,92,66
62,97,71,100,69,65,97,62,50
89,94,58,96,51,97,80,97,86
51,85,78,89,100,94,93,67,55
69,79,96,100,90,64,68,66,75
50,98,86,91,68,50,59,66,51
86,82,72,56,86,71,88,60,81
58,67,62,99,67,52,61,69,97
66,98,81,97,65,87,69,59,54
58,77,95,69,53,63,86,78,86
60,96,96,76,61,85,97,97,80
64,60,97,55,78,67,90,83,61
73,94,72,76,56,96,56,66,84
87,82,94,58,63,90,63,91,79
84,66,66,94,61,67,60,62,97
79,55,89,80,84,52,56,93,55
80,53,70,70,54,59,78,96,64
98,69,51,75,66,98,59,88,64
54,97,86,89,91,88,78,76,65
93,96,55,97,81,96,58,75,69
99,76,93,94,59,50,85,77,62
63,64,67,62,92,76,97,62,93
60,55,79,98,66,76,59,61,91
58,96,71,72,54,60,68,93,95
83,63,82,69,94,98,80,77,80
61,60,79,86,91,54,66,51,83
84,88,66,77,58,56,58,86,78
84,58,92,66,98,68,94,83,52
50,75,81,77,82,78,82,72,58
89,65,91,90,85,64,83,94,60
71,54,100,51,85,84,94,78,60
78,59,63,74,67,96,73,84,74
57,99,59,99,58,86,58,60,71
60,52,96,90,78,61,56,97,91
90,62,100,55,99,79,65,82,95
86,92,85,60,63,69,68,100,58
63,98,83,87,74,86,88,60,69
79,79,58,55,64,52,55,58,70
84,94,91,94,55,58,99,63,59
70,55,77,60,91,90,100,58,71
86,66,60,63,78,88,60,88,78
54,94,63,51,64,75,61,97,58
68,100,88,89,78,51,91,52,54
63,68,96,52,53,72,62,78,89
75,91,68,84,67,72,61,68,60
53,84,64,82,99,70,70,85,50
74,95,77,73,98,65,59,81,91
94,75,73,68,93,58,69,56,50
91,100,57,67,88,62,99,77,88
74,54,92,98,65,77,85,93,95
67,78,58,73,60,76,77,67,54
89,86,96,94,63,100,73,54,98
57,69,82,84,52,66,54,72,71
88,98,82,50,100,87,86,71,75
89,70,68,85,99,85,61,75,55
63,59,52,74,91,50,84,91,81
81,54,59,94,87,67,89,61,97
100,85,89,98,94,100,51,89,60
87,55,96,92,91,58,99,68,59
82,75,91,83,67,62,90,96,96
72,53,50,74,69,89,94,50,88
64,88,78,65,97,94,88,52,83
82,88,99,83,74,64,91,76,80
74,99,83,78,87,92,58,67,61
66,84,100,68,62,93,71,99,100
82,50,62,72,53,95,96,79,93
96,73,50,68,63,53,54,51,65
51,85,83,74,82,82,61,54,87
63,55,78,65,77,73,50,78,52
89,90,97,100,86,85,93,82,51
89,95,96,58,57,100,71,91,54
100,93,62,50,93,90,87,69,60
88,80,97,91,83,59,100,79,74
100,69,98,68,93,85,68,91,84
55,73,78,82,54,69,65,54,84
55,74,88,83,54,90,80,99,71
52,85,73,65,80,94,100,70,86
56,70,75,93,94,93,52,64,71
100,79,66,89,58,60,72,69,60
57,73,56,67,91,61,91,57,81
91,93,62,83,81,67,67,98,84
64,91,54,74,82,79,75,80,80
96,79,75,94,52,93,62,61,94
78,71,98,55,79,97,67,70,57
82,77,52,70,99,86,52,79,69
79,56,56,55,61,69,72,76,91
88,84,98,81,78,74,52,93,83
76,77,88,90,52,61,74,75,53
85,63,50,97,75,70,76,82,67
78,59,98,92,79,74,93,75,100
87,65,66,88,58,60,76,75,53
82,65,92,80,75,58,88,85,69
86,80,74,91,51,99,74,89,58
76,91,52,59,52,74,73,50,65
82,74,64,79,95,84,57,64,75
53,62,78,67,53,81,58,99,87
71,55,92,73,74,98,95,50,74
51,93,81,58,100,63,86,60,53
59,58,75,80,62,50,79,51,90
54,94,65,64,88,66,68,50,94
59,85,74,53,93,74,65,80,90
82,92,77,89,84,57,73,93,87
87,69,58,58,72,54,93,65,68
62,67,50,94,58,54,70,71,63
80,92,78,58,51,90,85,91,70
96,70,71,75,90,84,89,67,64
85,53,65,53,93,68,88,96,52
94,99,90,66,80,72,96,66,86
73,82,100,65,93,58,55,79,99
64,76,93,64,96,79,54,59,95
78,56,100,84,51,99,63,84,65
57,55,90,54,81,65,94,70,63
54,64,56,54,67,82,91,65,58
78,67,63,69,62,51,99,55,96
96,81,78,64,95,63,53,52,56
53,60,68,67,54,95,57,90,63
61,69,68,96,91,50,73,92,55
94,73,51,51,93,75,60,70,70
51,64,90,78,59,74,66,62,64
76,97,94,62,92,65,99,67,57
80,56,64,53,74,64,70,73,83
100,70,52,91,83,75,75,76,89
100,91,60,94,86,96,92,53,50
85,75,95,59,79,93,97,71,81
85,93,79,80,56,65,93,73,98
75,63,89,90,55,63,94,89,100
92,86,67,57,52,78,76,94,54
76,70,100,52,62,73,65,59,79
54,67,97,97,52,96,75,51,71
69,54,51,95,75,64,82,89,69
60,52,81,58,73,68,80,55,65
59,72,57,79,55,57,97,97,56
89,75,71,60,92,83,96,67,56
87,86,55,84,98,51,55,66,99
55,73,61,86,91,76,93,87,99
57,98,96,91,61,59,57,94,51
72,68,89,62,98,84,56,72,96
96,100,85,85,85,72,83,95,63
75,74,64,62,51,98,93,79,80
95,70,77,61,60,57,63,70,99
92,61,98,86,88,77,65,59,90
61,90,94,59,83,72,92,92,63
75,82,67,58,75,53,58,62,54
62,99,51,56,67,63,59,61,60
89,53,62,51,70,91,66,58,89
67,91,94,72,85,78,61,53,54
74,56,64,88,89,50,55,88,78
82,71,69,89,95,53,68,73,60
96,82,78,88,93,81,92,83,54
89,66,91,70,71,82,90,88,98
92,73,78,72,79,98,78,90,81
61,83,52,78,99,75,55,54,85
93,77,68,63,92,66,74,64,64
85,92,52,75,79,88,73,99,68
97,90,63,100,57,72,74,53,71
53,88,89,54,83,81,65,100,83
54,71,53,80,96,64,65,88,66
86,98,60,74,58,62,55,57,61
57,66,80,80,100,51,86,98,74
91,83,92,99,69,68,70,94,66
98,55,81,69,89,73,53,73,59
77,95,76,93,74,94,83,77,77
80,55,79,66,68,73,77,92,67
58,83,92,94,54,60,87,76,100
100,50,51,51,60,71,90,50,67
78,59,98,74,64,64,77,83,94
63,70,58,62,57,59,66,66,81
89,54,77,88,68,90,63,86,63
90,51,80,77,72,76,56,87,65
71,71,83,91,76,58,71,75,99
60,97,64,55,89,77,100,73,67
72,51,97,52,81,50,50,88,65
50,59,74,84,75,66,78,70,66
95,83,85,67,76,80,80,79,56
86,65,57,60,68,93,79,96,61
70,97,58,69,99,59,64,100,83
75,100,86,54,91,86,67,97,59
95,88,97,68,78,78,84,62,54
85,71,94,71,88,67,99,86,70
72,61,88,68,90,96,79,52,52
50,73,81,96,82,87,83,81,68
100,96,66,65,68,88,91,84,94
89,89,84,73,86,98,60,68,93
64,87,86,90,68,55,76,63,84
70,59,68,53,82,89,73,97,55
96,84,93,64,96,61,84,71,63
58,100,78,74,65,63,88,66,53
58,98,56,93,72,93,57,53,94
59,81,77,84,56,59,100,94,100
75,56,58,63,75,69,67,89,67
90,70,77,98,81,64,62,68,78
84,69,55,68,61,80,94,86,84
74,75,78,87,57,56,73,51,87
75,53,66,85,54,90,100,64,65
60,95,65,56,91,59,72,51,69
87,71,72,79,77,59,61,60,73
51,64,80,68,54,97,98,94,84
56,89,52,98,98,88,79,72,93
67,70,70,74,75,77,80,59,100
76,64,75,65,54,79,77,52,68
83,71,85,96,71,86,71,54,53
76,77,91,89,64,52,93,52,82
66,63,86,100,62,99,77,87,51
92,76,71,57,77,92,62,62,62
93,90,91,67,82,64,74,91,94
100,89,61,77,92,70,93,68,79
73,77,91,65,72,86,100,89,83
74,75,62,68,82,61,95,99,79
56,98,60,91,92,53,56,84,100
55,51,65,66,67,96,94,73,73
73,74,57,94,99,58,55,73,97
82,52,89,62,79,88,73,66,93
98,57,89,56,75,91,68,89,82
78,93,94,76,65,77,68,59,90
92,82,51,59,62,72,85,51,98
71,91,79,83,88,94,100,93,59
75,84,79,85,82,89,58,72,67
77,55,61,74,75,93,97,55,68
99,88,59,55,97,71,85,51,56
70,72,93,73,50,73,87,70,68
98,74,60,67,98,100,89,84,73
56,99,64,72,87,75,78,98,64
66,92,65,55,51,79,73,78,90
69,68,66,78,98,82,97,56,91
90,54,75,74,55,65,54,78,72
98,100,51,66,95,71,91,86,53
69,60,99,95,99,98,94,72,87
71,61,61,73,87,99,75,82,53
77,59,100,60,91,92,63,57,54
89,57,75,75,73,67,88,61,90
98,73,72,100,67,56,78,95,93
56,77,67,83,76,99,55,97,72
50,90,81,77,90,75,56,59,89
81,85,98,52,57,57,86,64,86
62,86,87,60,77,55,67,73,60
79,70,96,87,59,79,72,75,60
72,57,52,63,66,88,93,96,62
100,58,87,100,78,72,87,91,63
68,96,52,75,55,81,50,88,57
81,64,79,97,63,71,53,52,74
79,97,50,70,71,91,100,51,67
78,95,79,88,55,92,93,55,100
98,89,94,79,75,94,96,70,93
94,67,81,57,88,58,84,58,93
78,91,77,100,61,80,72,59,67
79,69,70,69,84,56,76,85,59
65,55,95,97,63,58,75,52,56
89,61,62,81,71,62,57,90,99
68,51,76,71,100,52,92,73,93
67,56,85,56,72,84,65,71,63
50,65,56,58,97,82,90,98,64
63,52,71,94,56,70,52,63,65
100,94,59,50,89,80,81,91,51
96,52,88,78,99,83,54,94,79
99,76,64,57,74,81,69,93,79
51,99,64,53,62,84,63,76,67
77,92,53,84,70,64,81,82,80
98,89,81,52,90,81,75,71,93
99,87,72,94,59,55,96,78,97
79,82,55,89,58,94,55,68,62
87,77,73,56,64,70,85,68,69
100,50,69,76,51,82,89,55,98
53,57,86,50,74,81,100,94,99
50,86,69,76,62,68,54,68,84
57,81,61,65,83,82,62,62,72
78,97,82,87,100,77,81,75,91
88,92,77,56,83,80,65,71,82
52,86,57,93,84,70,50,70,87
81,53,50,72,87,83,62,85,84
59,79,86,90,52,64,60,51,100
59,55,71,60,91,63,57,96,85
68,95,55,91,55,68,74,93,69
95,68,70,82,97,92,89,79,52
83,81,81,99,98,64,81,76,57
82,58,84,85,68,55,73,56,89
72,61,64,86,52,58,77,69,81
77,60,54,90,67,86,63,99,78
81,95,95,66,88,69,94,80,56
99,65,99,84,58,83,52,72,51
56,50,97,97,61,87,85,62,70
78,94,55,54,54,75,76,66,55
57,70,74,97,52,67,69,53,77
50,79,95,81,60,77,96,63,97
52,62,89,52,79,100,64,69,91
73,83,78,96,53,58,76,62,85
72,53,56,84,54,81,94,52,81
57,77,89,63,50,55,90,75,94
96,87,62,97,76,63,77,75,91
86,80,87,80,77,77,74,67,95
52,76,67,80,78,73,91,81,58
100,54,51,66,67,62,93,63,60
82,74,57,73,61,92,95,96,72
77,52,60,72,62,61,82,52,99
96,82,82,67,90,100,95,50,60
57,53,87,99,51,68,63,75,98
83,74,97,63,86,70,57,73,51
84,69,76,99,94,76,97,98,52
81,83,69,64,65,68,63,84,60
73,75,61,64,97,73,50,63,99
63,54,92,55,73,75,65,52,84
81,84,80,76,84,94,67,62,64
95,77,76,64,71,77,56,96,92
92,78,81,99,85,95,64,99,60
65,58,59,85,60,67,73,63,80
53,87,52,57,95,93,98,70,77
86,99,94,64,78,85,100,75,77
70,55,76,52,84,91,62,52,81
63,68,84,96,97,78,58,100,74
80,93,80,62,64,66,64,89,69
97,60,64,90,80,53,84,53,77
67,51,65,83,91,93,73,85,74
56,96,62,73,90,94,82,100,60
59,93,98,89,92,78,65,92,68
56,93,84,81,65,53,57,50,77
82,58,60,81,59,59,78,89,50
72,70,70,79,98,74,72,96,54
70,73,100,98,81,80,94,82,59
68,83,60,62,100,52,80,56,91
97,71,79,50,51,96,89,60,95
68,52,97,83,73,51,98,76,83
85,61,84,64,72,74,63,63,85
78,77,71,93,51,98,79,71,51
67,79,87,63,87,55,88,65,67
51,75,80,78,80,75,76,95,62
50,97,63,83,100,57,96,61,100
96,70,73,67,89,84,65,98,54
54,77,99,56,75,76,100,95,69
69,75,98,78,78,74,55,59,51
60,82,81,80,52,67,82,73,60
91,70,85,74,63,50,93,95,79
51,84,81,87,74,97,67,67,81
52,83,64,63,97,88,65,71,81
72,90,92,57,50,52,61,58,99
61,100,84,76,52,53,69,66,87
69,96,52,51,75,90,94,87,77
54,67,65,66,67,86,89,89,59
86,60,54,86,58,100,78,62,71
87,72,70,63,87,64,79,99,66
79,97,59,74,72,57,75,86,71
58,71,68,79,70,87,71,55,92
83,66,74,78,50,99,82,70,68
93,54,53,69,70,68,88,100,66
84,93,78,70,76,96,96,85,73
71,60,68,71,91,75,78,56,85
93,79,92,84,55,88,71,85,81
73,64,51,86,93,59,94,74,95
66,76,59,65,85,87,62,60,85
59,84,92,99,77,63,58,93,77
79,82,74,98,94,98,73,63,63
95,69,69,92,66,90,64,94,85
72,65,97,66,89,68,85,78,55
81,83,68,65,52,79,62,59,58
66,51,72,51,61,54,76,99,70
99,84,73,53,88,80,93,97,61
100,89,60,70,61,56,86,54,79
66,77,95,88,51,68,56,57,80
63,96,83,83,95,80,57,95,89
58,88,77,79,71,88,86,54,53
89,55,54,55,72,73,90,73,80
51,58,54,66,79,83,63,89,76
94,69,100,88,54,72,61,75,74
74,50,70,74,58,97,85,55,54
88,57,61,54,70,94,89,65,55
58,72,99,54,60,89,66,85,54
71,52,53,69,54,55,89,61,100
92,53,98,65,84,87,78,60,76
95,74,91,100,76,90,76,52,57
53,96,69,90,98,85,50,93,58
75,87,87,86,51,76,83,86,64
78,64,74,89,73,60,53,55,85
94,70,63,58,80,54,73,68,90
83,84,60,54,82,66,70,67,56
72,95,81,91,88,56,82,65,81
86,63,60,51,79,76,56,72,57
60,85,67,58,95,96,50,92,96
55,61,76,92,86,64,90,86,100
67,66,67,85,100,95,52,58,64
70,88,72,71,77,62,93,52,86
91,58,60,71,80,60,100,57,68
85,84,70,71,60,94,64,87,88
90,62,93,83,72,75,80,53,55
87,64,54,78,51,71,65,61,68
83,67,72,87,89,77,59,93,77
66,100,90,95,90,73,78,80,66
86,82,74,82,76,78,55,74,91
74,55,90,67,84,58,78,65,68
87,76,59,56,51,91,66,91,80
61,72,71,50,88,53,71,63,60
72,76,68,82,86,98,73,62,64
91,83,50,50,70,95,66,90,59
71,95,56,73,54,67,70,56,92
70,87,53,53,94,92,100,61,72
76,63,50,53,70,65,99,86,52
80,85,64,67,78,82,60,99,52
55,57,89,76,69,78,56,53,67
76,84,61,92,87,88,91,51,74
89,68,71,81,69,59,88,84,92
83,79,71,82,99,58,54,93,69
61,63,99,77,74,80,93,52,78
94,69,96,91,51,77,97,53,71
56,98,66,90,81,52,70,87,99
59,74,78,85,75,63,67,61,64
94,89,95,55,55,74,84,68,88
66,73,63,65,90,64,69,59,59
75,63,99,83,52,51,64,50,70
70,75,69,72,82,73,54,66,78
77,87,99,99,50,63,62,65,81
95,72,97,91,100,97,100,58,59
51,71,82,73,54,56,61,58,62
92,97,92,98,62,85,70,58,96
50,68,64,62,68,99,86,61,72
100,95,61,67,61,73,55,90,99
85,100,89,62,97,76,56,64,72
100,52,69,98,74,86,75,51,80
75,91,79,86,100,87,91,60,53
78,68,87,92,84,79,97,60,98
70,58,52,88,61,76,57,57,52
60,77,77,91,79,88,58,81,70
89,69,75,66,54,64,76,55,51
60,94,79,64,83,75,53,69,53
85,56,62,67,71,50,70,88,50
98,63,62,72,88,53,80,84,64
88,58,51,100,62,78,70,57,82
89,68,86,79,96,50,89,99,55
84,96,98,83,52,92,74,98,56
83,63,87,53,69,99,88,92,68
96,87,51,52,80,95,64,83,93
73,85,85,56,54,71,84,68,50
71,89,75,67,73,60,98,56,88
54,66,60,91,89,59,92,80,68
82,79,57,56,82,66,90,67,94
85,58,93,89,57,85,86,89,75
96,82,89,55,73,96,91,63,93
69,74,92,71,99,75,96,88,61
68,63,71,50,69,97,77,85,71
84,60,69,53,65,70,63,66,62
92,84,57,95,99,62,53,86,77
66,90,78,98,61,58,69,93,63
94,63,89,99,62,60,83,58,71
92,79,75,92,94,60,61,69,79
83,90,79,78,91,55,82,94,93
58,53,66,70,88,50,73,77,69
75,53,69,75,74,55,69,99,93
51,77,65,63,95,62,54,69,76
58,57,95,58,81,71,87,90,87
58,51,92,96,73,80,79,85,91
89,90,56,61,97,71,73,76,90
66,95,65,91,96,86,92,57,83
50,71,94,100,93,96,89,81,88
74,90,96,100,58,76,56,50,90
92,65,97,55,89,99,85,66,93
89,78,76,69,99,63,87,58,86
91,98,72,73,72,96,65,69,50
74,97,73,76,99,54,64,94,64
88,79,58,87,62,85,95,81,81
84,61,84,57,81,81,72,51,57
52,84,100,50,99,83,61,81,82
99,60,69,98,64,56,78,94,67
86,95,86,98,85,91,93,58,94
93,99,91,73,98,97,97,79,78
93,70,66,96,54,59,64,69,81
100,70,96,56,71,99,78,87,82
79,54,80,68,65,66,94,50,54
87,97,57,71,90,79,92,54,67
83,69,64,84,59,70,98,84,97
61,86,80,79,73,62,70,85,59
68,52,79,78,67,50,64,50,85
86,93,95,71,98,50,63,63,82
93,82,69,60,67,96,91,58,72
98,58,88,69,56,82,93,79,89
66,58,61,78,53,87,65,73,54
59,53,98,100,75,74,64,53,83
98,84,66,90,54,75,91,99,73
96,66,91,91,65,62,53,63,66
61,83,79,83,84,77,76,74,80
65,73,78,50,75,82,72,53,56
73,81,68,80,67,86,78,74,66
68,50,95,79,78,90,90,59,77
57,57,60,97,72,79,58,84,87
80,94,83,67,63,98,92,56,71
70,72,99,66,64,97,92,91,64
66,96,56,87,98,57,56,62,86
72,89,93,63,82,98,91,53,64
86,61,83,72,74,96,53,99,99
65,61,69,74,70,50,54,92,99
55,95,99,64,66,61,54,85,74
57,96,87,95,72,54,60,63,70
74,64,73,71,92,73,90,67,87
67,90,59,52,66,55,77,57,51
74,68,81,68,63,74,65,81,76
61,75,64,93,78,50,90,76,98
64,78,86,83,69,74,79,91,81
75,71,69,84,79,50,53,86,70
90,89,52,99,68,81,51,72,53
94,70,86,50,88,91,95,56,93
75,100,89,70,62,91,52,61,68
96,87,57,78,67,52,99,74,51
81,69,89,55,72,98,70,52,75
59,78,93,86,95,68,55,75,83
65,100,72,50,82,92,92,53,63
56,53,89,100,88,78,67,91,64
66,56,60,50,89,99,93,85,69
72,77,95,76,67,51,54,64,83
75,77,57,70,58,58,58,81,85
70,53,78,65,82,66,69,78,68
71,71,79,93,81,95,77,59,58
56,61,59,89,66,85,75,70,56
63,94,88,75,68,66,67,65,79
64,52,77,65,76,98,68,96,62
56,71,98,77,55,61,52,68,76
58,93,85,50,84,69,58,78,93
100,51,62,85,86,99,85,100,84
97,73,81,59,83,52,80,67,62
57,83,85,92,69,92,98,93,64
99,76,86,66,74,99,66,65,95
72,90,75,72,53,53,72,50,58
78,50,71,56,59,66,83,97,94
67,57,53,93,59,99,90,51,72
80,72,80,56,73,86,90,64,85
79,87,67,93,70,95,54,88,89
88,55,87,64,60,91,64,77,52
84,71,73,83,76,64,96,50,83
67,74,72,95,65,82,52,54,68
91,67,71,94,75,65,68,91,77
88,66,51,53,79,60,77,71,72
66,61,80,63,98,69,52,85,89
63,55,60,63,65,87,87,95,98
80,75,77,65,56,73,53,62,94
73,76,95,56,65,65,73,50,56
84,57,81,81,84,79,80,65,90
93,68,54,68,65,83,94,90,61
94,91,87,51,89,50,94,71,63
83,50,59,59,61,73,60,81,95
52,78,89,99,84,73,86,65,64
86,94,95,66,98,58,50,100,52
92,98,73,86,70,71,58,64,64
89,84,84,61,99,61,66,95,100
75,89,93,55,92,66,50,91,73
72,63,97,71,85,74,52,61,95
93,84,72,81,97,77,96,50,57
88,97,66,90,66,64,75,66,54
64,94,50,69,81,79,80,90,100
98,69,80,50,90,100,75,100,53
53,98,80,96,55,76,72,99,63
78,62,91,55,73,71,79,77,65
71,87,91,68,76,59,59,56,69
74,98,83,67,69,80,57,58,73
62,95,58,55,74,76,93,71,55
67,98,71,94,51,61,74,75,80
82,57,62,82,58,95,71,61,55
65,92,74,72,77,80,64,56,84
94,69,97,72,87,81,90,95,64
91,82,67,75,52,81,59,96,78
93,75,100,62,69,90,69,64,52
51,88,61,56,55,94,90,87,60
84,70,89,64,88,84,96,70,52
91,98,66,93,82,95,72,63,77
83,91,64,76,50,70,50,51,59
79,92,91,75,86,59,51,57,99
62,90,64,82,55,65,68,94,82
62,58,64,64,94,56,63,55,97
67,73,88,85,83,53,57,86,65
81,86,62,94,96,76,87,86,59
81,98,66,76,64,74,61,82,82
84,90,81,54,94,80,75,90,85
88,66,58,51,75,60,76,55,52
95,73,89,82,63,97,78,75,54
78,70,69,65,56,69,64,88,61
98,100,75,72,95,85,95,90,93
78,88,76,87,80,66,50,86,62
93,90,70,65,73,94,92,63,73
65,88,67,63,80,60,77,86,93
93,62,62,78,78,79,52,57,81
96,60,65,75,91,84,100,88,65
59,95,58,84,81,90,67,62,81
79,68,61,64,66,87,83,62,94
74,60,93,52,63,71,81,89,86
88,62,87,72,89,92,78,92,85
69,95,68,78,85,97,74,77,70
54,94,56,83,97,100,75,67,96
50,50,84,82,73,76,88,68,61
79,89,97,90,94,86,57,87,100
98,93,67,90,76,95,68,81,70
52,68,65,72,74,98,96,71,100
94,61,88,56,81,84,91,51,70
63,57,53,52,67,53,71,62,92
79,57,74,81,95,65,78,72,55
99,94,81,80,67,65,82,74,58
53,61,89,67,86,70,87,77,50
67,97,62,92,75,75,94,60,61
86,82,94,56,58,85,95,82,63
74,94,66,90,84,68,84,73,55
97,75,98,50,57,66,92,51,50
50,88,86,63,69,94,52,79,71
95,77,55,81,91,75,68,66,83
64,54,68,55,71,71,59,89,60
58,57,62,88,68,77,76,83,52
64,74,75,59,79,50,64,87,91
98,76,63,56,77,93,60,71,55
73,95,80,75,84,85,96,54,55
53,72,53,83,92,92,75,97,69
61,79,88,79,60,86,73,89,70
86,94,57,85,80,51,62,100,51
86,96,74,70,98,66,81,65,75
92,72,62,66,97,89,86,62,80
55,98,81,82,88,87,53,75,75
88,96,87,59,85,70,62,80,81
95,69,87,100,79,58,58,88,59
73,67,77,96,72,62,98,97,72
60,67,79,91,68,60,83,72,55
62,51,52,100,61,65,86,97,72
83,53,77,61,64,65,97,61,77
74,79,52,65,80,51,56,63,98
56,82,94,90,92,91,50,67,79
53,85,83,81,86,93,61,76,63
57,67,65,64,86,57,70,77,86
69,86,71,76,64,92,60,67,81
78,68,81,77,78,91,93,65,98
100,96,87,66,99,62,100,65,83
94,77,57,95,92,66,93,62,90
95,89,57,99,75,88,93,78,93
59,69,55,51,93,73,63,58,100
92,98,63,85,51,52,83,75,71
83,82,81,99,69,79,83,77,80
75,61,84,56,64,62,74,90,56
90,100,59,62,53,68,53,62,90
98,64,52,64,71,56,75,85,70
52,90,61,74,99,58,65,58,65
55,88,98,72,87,68,59,96,69
54,51,80,71,72,94,94,63,92
54,78,78,75,75,89,51,100,93
96,90,54,82,100,71,84,61,96
72,59,74,60,60,67,68,81,99
98,51,90,59,77,72,55,87,68
58,100,80,74,51,51,68,52,97
84,60,70,86,57,99,100,65,81
69,62,69,97,78,99,57,69,64
98,59,88,92,60,60,63,81,54
91,63,71,87,86,80,59,72,60
84,67,53,90,67,82,52,66,64
99,100,62,94,99,63,87,65,78
67,58,94,73,63,65,78,87,99
66,88,91,89,59,60,64,57,94
73,77,99,95,84,82,72,68,53
52,52,98,82,58,56,72,79,98
81,69,69,66,84,80,67,83,85
84,55,62,73,60,97,95,63,97
87,76,66,86,93,95,68,71,72
62,51,85,51,61,96,77,93,64
96,78,82,81,52,63,75,66,95
74,87,50,73,88,77,59,64,93
58,52,64,58,63,92,96,99,52
53,65,62,53,77,65,53,97,81
63,79,66,66,60,68,51,81,59
86,89,73,66,88,66,52,62,89
83,51,57,99,74,75,56,70,87
60,66,99,97,70,55,65,98,71
90,90,76,79,59,92,80,89,63
52,61,94,89,92,98,59,82,66
77,84,72,60,64,58,68,76,70
78,92,95,70,68,99,77,84,100
58,50,57,70,97,66,66,65,97
52,94,57,67,71,80,77,77,64
74,64,75,78,70,61,68,83,64
83,75,96,73,93,72,86,96,50
61,86,62,59,81,54,72,50,73
91,70,88,94,99,92,69,90,61
58,98,86,66,72,85,62,97,59
64,80,98,67,62,85,62,80,95
89,74,77,91,54,52,92,85,91
74,72,74,97,53,73,60,93,91
54,73,65,69,77,66,97,82,80
60,87,51,86,63,88,64,82,60
83,77,67,94,57,75,66,88,65
73,70,66,67,58,53,99,67,58
64,92,79,66,100,94,77,72,96
87,67,88,58,84,61,68,72,63
57,85,62,63,86,50,53,64,68
54,84,81,98,70,70,71,75,80
97,94,99,78,67,68,71,79,58
75,58,78,80,82,70,86,74,85
67,87,95,53,57,67,88,94,88
55,79,79,67,100,92,83,65,75
86,93,67,69,98,52,82,88,57
97,83,62,96,66,98,93,97,73
62,81,92,92,92,93,91,94,57
77,52,70,93,80,81,89,63,68
54,52,79,58,83,59,82,66,96
62,77,70,62,55,89,61,61,97
66,93,97,64,71,64,51,78,79
99,64,66,76,63,54,77,81,71
89,90,89,64,52,53,59,73,58
94,72,68,77,61,77,71,62,93
81,89,64,86,85,100,66,69,97
78,60,58,68,61,53,75,64,53
100,97,59,75,94,64,52,53,86
52,81,93,75,51,66,56,83,57
89,85,80,74,51,93,93,77,50
83,82,72,75,64,52,57,99,77
89,73,79,75,72,59,69,51,55
76,88,82,95,78,96,61,96,96
62,83,58,77,66,91,84,79,85
94,77,96,98,81,72,66,75,60
82,86,50,67,56,67,77,100,54
55,56,93,81,79,50,90,96,99
73,53,84,52,77,84,59,75,73
68,86,60,51,63,80,71,69,96
65,50,83,82,93,93,87,91,67
89,50,65,91,79,50,82,77,69
77,96,58,68,66,52,71,69,77
82,69,81,66,81,52,93,60,62
97,68,64,93,95,86,86,59,54
90,78,61,82,55,68,62,72,79
62,59,82,61,100,78,76,86,50
92,67,94,98,73,74,64,90,71
94,77,63,52,55,82,71,68,67
74,84,57,92,76,85,79,94,95
91,92,57,98,67,78,92,67,54
85,96,76,75,73,75,89,98,80
76,80,61,84,86,53,86,76,55
87,76,50,57,73,98,83,55,76
56,60,92,85,87,63,93,59,74
54,98,89,56,83,99,83,51,78
92,98,91,95,89,76,97,73,77
94,87,100,95,96,82,84,87,65
100,54,60,85,64,71,91,77,61
80,57,88,65,60,97,68,77,69
72,83,92,73,71,52,57,94,67
91,97,80,50,73,72,88,99,83
59,61,66,98,50,70,82,88,72
81,87,82,74,67,90,93,51,94
92,50,81,59,93,72,77,95,76
79,80,78,65,61,53,86,54,98
88,53,70,65,92,70,97,99,66
80,98,70,57,77,86,74,60,97
67,94,89,78,89,92,85,59,70
85,99,72,88,56,80,66,92,99
51,54,55,77,72,70,73,51,89
63,79,71,55,70,75,70,64,80
62,73,99,65,83,90,51,88,52
78,52,87,69,60,84,80,90,66
61,60,86,65,71,87,93,86,99
88,94,94,56,91,73,82,56,75
51,53,100,90,84,60,79,69,72
81,75,57,63,78,90,61,83,55
62,76,90,92,91,78,93,84,77
95,95,98,75,77,96,61,83,57
76,92,84,75,67,52,100,71,94
98,76,100,63,63,50,98,80,57
90,91,60,56,67,68,73,72,68
66,100,73,82,77,95,73,68,87
89,99,98,75,73,98,60,53,78
80,55,70,94,57,71,62,73,72
83,64,100,69,91,63,76,69,96
73,79,51,52,94,98,57,88,81
94,91,89,53,57,63,59,77,59
84,86,68,75,53,93,57,88,76
97,86,88,60,76,65,69,66,98
55,91,77,51,85,82,57,68,50
68,86,66,63,54,62,58,97,88
79,84,55,93,82,87,56,84,78
56,72,68,79,98,98,63,81,94
59,55,87,98,83,61,77,96,52
90,53,77,61,79,100,51,95,100
81,67,51,75,57,87,92,96,96
83,58,87,93,88,88,57,95,86
77,98,86,82,96,82,62,88,80
64,78,100,62,75,82,70,84,60
79,62,53,63,86,78,96,79,71
86,96,71,73,83,54,77,66,67
78,66,75,83,56,55,84,91,84
71,94,98,93,89,80,72,96,55
53,81,92,75,77,65,95,78,52
69,97,85,70,88,80,64,55,54
81,71,62,77,88,74,51,66,58
85,53,81,97,77,97,100,66,77
99,54,66,85,63,95,61,63,68
53,86,90,89,99,82,85,73,77
76,90,85,51,87,62,52,99,76
66,98,95,91,53,59,54,86,62
61,62,68,58,91,73,52,89,87
71,83,84,72,67,59,96,88,92
66,94,95,64,93,90,68,81,70
59,71,89,62,97,80,51,85,76
50,72,77,72,74,62,93,99,95
71,100,50,66,56,52,86,86,55
75,52,91,97,87,99,66,97,87
67,91,67,51,77,83,63,63,98
99,83,97,69,54,98,77,76,60
63,81,89,69,52,77,76,68,96
96,94,82,95,93,68,59,80,90
78,100,61,52,80,72,52,95,66
61,98,57,61,96,94,85,58,88
85,70,73,89,91,81,87,87,56
84,95,65,51,69,62,74,66,79
61,93,99,85,68,82,71,68,70
56,70,53,63,97,83,97,93,50
78,93,87,65,60,82,88,53,74
60,60,93,68,89,54,96,97,81
82,88,76,83,52,52,79,60,57
55,53,58,93,72,56,70,71,54
96,100,96,95,56,73,79,53,79
64,50,65,55,72,71,77,66,100
81,77,61,62,56,94,80,57,57
100,73,80,85,95,72,75,95,98
60,84,73,71,83,79,92,83,68
72,62,63,67,91,67,71,60,93
75,96,94,61,68,81,70,80,79
83,83,74,79,58,56,50,60,64
95,60,83,100,97,82,86,87,85
83,85,52,89,100,54,62,70,93
78,100,73,56,67,98,70,95,76
53,66,91,81,90,77,95,79,62
66,84,58,97,97,57,58,59,63
84,67,75,68,94,64,66,75,86
62,89,69,55,91,53,96,76,97
90,71,89,69,74,83,70,57,79
88,73,59,76,63,54,80,88,88
64,68,68,92,93,82,88,57,96
78,86,52,86,74,54,71,57,62
78,88,73,97,68,87,61,83,65
60,70,54,56,88,83,55,65,93
81,57,52,54,64,75,65,90,56
51,77,76,60,65,50,75,62,97
96,54,65,64,76,53,54,72,76
63,66,98,52,89,88,58,61,94
69,86,64,54,59,75,95,76,84
71,85,84,72,53,82,89,71,64
60,68,61,86,100,82,63,81,77
76,76,90,58,68,57,93,98,84
52,83,93,64,77,69,91,76,56
66,60,75,52,70,65,79,51,99
93,94,96,78,96,70,75,94,95
77,96,83,55,63,94,94,82,99
78,61,72,66,82,75,78,75,100
70,70,80,75,97,72,68,77,95
96,60,99,70,59,67,96,68,69
65,88,69,57,68,80,57,92,81
86,77,61,70,79,91,72,54,87
69,54,72,60,71,61,91,82,89
55,66,53,87,52,50,84,69,81
68,69,72,57,86,91,80,79,75
54,90,97,91,90,58,84,94,88
52,95,97,73,67,52,81,57,69
50,61,50,84,60,100,54,87,67
87,55,74,63,97,75,65,66,99
64,66,51,63,51,58,66,93,64
83,100,79,59,61,91,81,50,71
84,68,52,61,55,100,87,52,100
98,75,70,87,92,65,81,95,71
74,97,74,93,89,73,69,75,70
73,93,69,95,93,99,97,80,51
61,93,98,83,78,63,51,57,89
67,81,71,90,79,52,69,92,92
64,55,70,59,51,83,96,95,67
93,85,82,66,58,82,67,57,72
65,87,87,66,96,99,50,84,62
76,60,64,52,51,73,78,88,90
57,82,95,80,78,58,78,77,58
95,73,64,100,82,62,68,100,98
74,72,95,50,59,51,93,53,56
66,64,74,61,83,56,89,65,90
78,76,70,88,93,97,55,62,50
57,60,73,53,57,70,93,69,51
64,100,54,91,86,68,88,100,53
76,99,55,62,82,74,99,54,63
95,66,98,83,96,96,95,86,81
99,100,92,91,55,71,57,69,85
56,63,97,70,93,60,73,73,51
52,76,93,71,89,82,69,85,89
78,67,96,53,94,81,63,83,99
93,77,72,67,68,70,54,94,100
73,100,53,54,81,88,90,97,63
52,96,76,68,76,69,89,83,69
69,96,67,51,50,57,83,68,74
95,53,70,61,92,91,65,66,91
64,56,77,66,82,86,94,54,98
74,94,84,59,89,58,56,74,57
79,84,71,83,81,74,65,67,77
63,97,89,55,54,74,56,99,95
56,58,72,57,66,82,76,57,70
66,57,52,100,57,51,63,76,72
93,94,89,60,91,68,63,64,81
69,66,99,61,83,95,93,94,57
85,66,59,58,58,69,82,62,80
58,98,74,51,72,91,82,65,86
87,82,98,57,84,90,93,71,65
97,81,57,60,99,91,69,69,89
71,57,60,85,56,78,96,62,91
51,68,54,59,64,55,85,69,76
73,87,94,70,69,66,56,51,89
57,52,86,69,99,74,81,84,90
60,54,94,97,74,87,97,96,67
62,62,87,57,52,53,52,68,84
66,96,78,85,95,79,88,94,98
57,95,54,78,73,69,78,86,64
70,80,58,91,83,52,73,55,76
67,65,97,61,95,72,71,63,66
79,99,51,63,71,100,55,53,89
67,81,50,97,60,67,97,71,51
95,71,89,99,97,75,73,100,98
96,78,100,70,57,85,89,88,99
80,71,79,71,88,57,72,85,80
87,92,60,70,92,66,87,83,86
81,52,77,93,84,80,59,76,90
60,59,93,99,98,86,65,56,90
94,91,61,79,95,94,60,52,83
